level,period,set,page_url,paper_url,answer_url,audio_url,paper_path,answer_path,audio_path,verification_note
"CET4","2024/12","第1套","https://english-exam.lazynote.cn/cet4/paper/2024-12-1/","https://downloads.lazynote.cn/cet4/2024-12-1/%E8%8B%B1%E8%AF%AD%E5%9B%9B%E7%BA%A72024%E5%B9%B412%E6%9C%88%E7%AC%AC1%E5%A5%97%E7%9C%9F%E9%A2%98%EF%BC%88%E6%95%B4%E5%8D%B7%EF%BC%89.pdf","https://downloads.lazynote.cn/cet4/2024-12-1/%E8%8B%B1%E8%AF%AD%E5%9B%9B%E7%BA%A72024%E5%B9%B412%E6%9C%88%E7%AC%AC1%E5%A5%97%E7%9C%9F%E9%A2%98%E5%8F%8A%E7%AD%94%E6%A1%88%E8%A7%A3%E6%9E%90%EF%BC%88%E6%95%B4%E5%8D%B7%EF%BC%89.pdf","https://listening.lazynote.cn/cet4/201/index.m3u8","materials/CET4/2024/12/第1套/真题.pdf","materials/CET4/2024/12/第1套/答案解析.pdf","materials/CET4/2024/12/第1套/听力.mp3","整卷真题、第三方参考解析与公开听力已下载"
"CET4","2024/12","第2套","https://english-exam.lazynote.cn/cet4/paper/2024-12-2/","https://downloads.lazynote.cn/cet4/2024-12-2/%E8%8B%B1%E8%AF%AD%E5%9B%9B%E7%BA%A72024%E5%B9%B412%E6%9C%88%E7%AC%AC2%E5%A5%97%E7%9C%9F%E9%A2%98%EF%BC%88%E6%95%B4%E5%8D%B7%EF%BC%89.pdf","https://downloads.lazynote.cn/cet4/2024-12-2/%E8%8B%B1%E8%AF%AD%E5%9B%9B%E7%BA%A72024%E5%B9%B412%E6%9C%88%E7%AC%AC2%E5%A5%97%E7%9C%9F%E9%A2%98%E5%8F%8A%E7%AD%94%E6%A1%88%E8%A7%A3%E6%9E%90%EF%BC%88%E6%95%B4%E5%8D%B7%EF%BC%89.pdf","https://listening.lazynote.cn/cet4/202/index.m3u8","materials/CET4/2024/12/第2套/真题.pdf","materials/CET4/2024/12/第2套/答案解析.pdf","materials/CET4/2024/12/第2套/听力.mp3","整卷真题、第三方参考解析与公开听力已下载"
"CET4","2024/12","第3套","https://english-exam.lazynote.cn/cet4/paper/2024-12-3/","https://downloads.lazynote.cn/cet4/2024-12-3/%E8%8B%B1%E8%AF%AD%E5%9B%9B%E7%BA%A72024%E5%B9%B412%E6%9C%88%E7%AC%AC3%E5%A5%97%E7%9C%9F%E9%A2%98%EF%BC%88%E6%95%B4%E5%8D%B7%EF%BC%89.pdf","https://downloads.lazynote.cn/cet4/2024-12-3/%E8%8B%B1%E8%AF%AD%E5%9B%9B%E7%BA%A72024%E5%B9%B412%E6%9C%88%E7%AC%AC3%E5%A5%97%E7%9C%9F%E9%A2%98%E5%8F%8A%E7%AD%94%E6%A1%88%E8%A7%A3%E6%9E%90%EF%BC%88%E6%95%B4%E5%8D%B7%EF%BC%89.pdf","","materials/CET4/2024/12/第3套/真题.pdf","materials/CET4/2024/12/第3套/答案解析.pdf","","整卷真题与第三方参考解析已下载；来源页未提供独立听力"
"CET4","2025/6","第1套","https://english-exam.lazynote.cn/cet4/paper/2025-06-1/","https://downloads.lazynote.cn/cet4/2025-06-1/%E8%8B%B1%E8%AF%AD%E5%9B%9B%E7%BA%A72025%E5%B9%B46%E6%9C%88%E7%AC%AC1%E5%A5%97%E7%9C%9F%E9%A2%98%EF%BC%88%E6%95%B4%E5%8D%B7%EF%BC%89.pdf","https://downloads.lazynote.cn/cet4/2025-06-1/%E8%8B%B1%E8%AF%AD%E5%9B%9B%E7%BA%A72025%E5%B9%B46%E6%9C%88%E7%AC%AC1%E5%A5%97%E7%9C%9F%E9%A2%98%E5%8F%8A%E7%AD%94%E6%A1%88%E8%A7%A3%E6%9E%90%EF%BC%88%E6%95%B4%E5%8D%B7%EF%BC%89.pdf","https://listening.lazynote.cn/cet4/216/index.m3u8","materials/CET4/2025/06/第1套/真题.pdf","materials/CET4/2025/06/第1套/答案解析.pdf","materials/CET4/2025/06/第1套/听力.mp3","整卷真题、第三方参考解析与公开听力已下载"
"CET4","2025/6","第2套","https://english-exam.lazynote.cn/cet4/paper/2025-06-2/","https://downloads.lazynote.cn/cet4/2025-06-2/%E8%8B%B1%E8%AF%AD%E5%9B%9B%E7%BA%A72025%E5%B9%B46%E6%9C%88%E7%AC%AC2%E5%A5%97%E7%9C%9F%E9%A2%98%EF%BC%88%E6%95%B4%E5%8D%B7%EF%BC%89.pdf","https://downloads.lazynote.cn/cet4/2025-06-2/%E8%8B%B1%E8%AF%AD%E5%9B%9B%E7%BA%A72025%E5%B9%B46%E6%9C%88%E7%AC%AC2%E5%A5%97%E7%9C%9F%E9%A2%98%E5%8F%8A%E7%AD%94%E6%A1%88%E8%A7%A3%E6%9E%90%EF%BC%88%E6%95%B4%E5%8D%B7%EF%BC%89.pdf","https://listening.lazynote.cn/cet4/217/index.m3u8","materials/CET4/2025/06/第2套/真题.pdf","materials/CET4/2025/06/第2套/答案解析.pdf","materials/CET4/2025/06/第2套/听力.mp3","整卷真题、第三方参考解析与公开听力已下载"
"CET4","2025/6","第3套","https://english-exam.lazynote.cn/cet4/paper/2025-06-3/","https://downloads.lazynote.cn/cet4/2025-06-3/%E8%8B%B1%E8%AF%AD%E5%9B%9B%E7%BA%A72025%E5%B9%B46%E6%9C%88%E7%AC%AC3%E5%A5%97%E7%9C%9F%E9%A2%98%EF%BC%88%E6%95%B4%E5%8D%B7%EF%BC%89.pdf","https://downloads.lazynote.cn/cet4/2025-06-3/%E8%8B%B1%E8%AF%AD%E5%9B%9B%E7%BA%A72025%E5%B9%B46%E6%9C%88%E7%AC%AC3%E5%A5%97%E7%9C%9F%E9%A2%98%E5%8F%8A%E7%AD%94%E6%A1%88%E8%A7%A3%E6%9E%90%EF%BC%88%E6%95%B4%E5%8D%B7%EF%BC%89.pdf","","materials/CET4/2025/06/第3套/真题.pdf","materials/CET4/2025/06/第3套/答案解析.pdf","","整卷真题与第三方参考解析已下载；来源页未提供独立听力"
"CET4","2025/12","第1套","https://english-exam.lazynote.cn/cet4/paper/2025-12-1/","https://downloads.lazynote.cn/cet4/2025-12-1/%E8%8B%B1%E8%AF%AD%E5%9B%9B%E7%BA%A72025%E5%B9%B412%E6%9C%88%E7%AC%AC1%E5%A5%97%E7%9C%9F%E9%A2%98%EF%BC%88%E6%95%B4%E5%8D%B7%EF%BC%89.pdf","https://downloads.lazynote.cn/cet4/2025-12-1/%E8%8B%B1%E8%AF%AD%E5%9B%9B%E7%BA%A72025%E5%B9%B412%E6%9C%88%E7%AC%AC1%E5%A5%97%E7%9C%9F%E9%A2%98%E5%8F%8A%E7%AD%94%E6%A1%88%E8%A7%A3%E6%9E%90%EF%BC%88%E6%95%B4%E5%8D%B7%EF%BC%89.pdf","https://listening.lazynote.cn/cet4/222/index.m3u8","materials/CET4/2025/12/第1套/真题.pdf","materials/CET4/2025/12/第1套/答案解析.pdf","materials/CET4/2025/12/第1套/听力.mp3","整卷真题、第三方参考解析与公开听力已下载"
"CET4","2025/12","第2套","https://english-exam.lazynote.cn/cet4/paper/2025-12-2/","https://downloads.lazynote.cn/cet4/2025-12-2/%E8%8B%B1%E8%AF%AD%E5%9B%9B%E7%BA%A72025%E5%B9%B412%E6%9C%88%E7%AC%AC2%E5%A5%97%E7%9C%9F%E9%A2%98%EF%BC%88%E6%95%B4%E5%8D%B7%EF%BC%89.pdf","https://downloads.lazynote.cn/cet4/2025-12-2/%E8%8B%B1%E8%AF%AD%E5%9B%9B%E7%BA%A72025%E5%B9%B412%E6%9C%88%E7%AC%AC2%E5%A5%97%E7%9C%9F%E9%A2%98%E5%8F%8A%E7%AD%94%E6%A1%88%E8%A7%A3%E6%9E%90%EF%BC%88%E6%95%B4%E5%8D%B7%EF%BC%89.pdf","https://listening.lazynote.cn/cet4/223/index.m3u8","materials/CET4/2025/12/第2套/真题.pdf","materials/CET4/2025/12/第2套/答案解析.pdf","materials/CET4/2025/12/第2套/听力.mp3","整卷真题、第三方参考解析与公开听力已下载"
"CET4","2025/12","第3套","https://english-exam.lazynote.cn/cet4/paper/2025-12-3/","https://downloads.lazynote.cn/cet4/2025-12-3/%E8%8B%B1%E8%AF%AD%E5%9B%9B%E7%BA%A72025%E5%B9%B412%E6%9C%88%E7%AC%AC3%E5%A5%97%E7%9C%9F%E9%A2%98%EF%BC%88%E6%95%B4%E5%8D%B7%EF%BC%89.pdf","https://downloads.lazynote.cn/cet4/2025-12-3/%E8%8B%B1%E8%AF%AD%E5%9B%9B%E7%BA%A72025%E5%B9%B412%E6%9C%88%E7%AC%AC3%E5%A5%97%E7%9C%9F%E9%A2%98%E5%8F%8A%E7%AD%94%E6%A1%88%E8%A7%A3%E6%9E%90%EF%BC%88%E6%95%B4%E5%8D%B7%EF%BC%89.pdf","","materials/CET4/2025/12/第3套/真题.pdf","materials/CET4/2025/12/第3套/答案解析.pdf","","整卷真题与第三方参考解析已下载；来源页未提供独立听力"
"CET4","2026/6","第1套","https://english-exam.lazynote.cn/cet4/paper/2026-06-1/","https://downloads.lazynote.cn/cet4/2026-06-1/%E8%8B%B1%E8%AF%AD%E5%9B%9B%E7%BA%A72026%E5%B9%B46%E6%9C%88%E7%AC%AC1%E5%A5%97%E7%9C%9F%E9%A2%98%EF%BC%88%E6%95%B4%E5%8D%B7%EF%BC%89.pdf","https://downloads.lazynote.cn/cet4/2026-06-1/%E8%8B%B1%E8%AF%AD%E5%9B%9B%E7%BA%A72026%E5%B9%B46%E6%9C%88%E7%AC%AC1%E5%A5%97%E7%9C%9F%E9%A2%98%E5%8F%8A%E7%AD%94%E6%A1%88%E8%A7%A3%E6%9E%90%EF%BC%88%E6%95%B4%E5%8D%B7%EF%BC%89.pdf","https://listening.lazynote.cn/cet4/231/index.m3u8","materials/CET4/2026/06/第1套/真题.pdf","materials/CET4/2026/06/第1套/答案解析.pdf","materials/CET4/2026/06/第1套/听力.mp3","整卷真题、第三方参考解析与公开听力已下载"
"CET4","2026/6","第2套","https://english-exam.lazynote.cn/cet4/paper/2026-06-2/","https://downloads.lazynote.cn/cet4/2026-06-2/%E8%8B%B1%E8%AF%AD%E5%9B%9B%E7%BA%A72026%E5%B9%B46%E6%9C%88%E7%AC%AC2%E5%A5%97%E7%9C%9F%E9%A2%98%EF%BC%88%E6%95%B4%E5%8D%B7%EF%BC%89.pdf","https://downloads.lazynote.cn/cet4/2026-06-2/%E8%8B%B1%E8%AF%AD%E5%9B%9B%E7%BA%A72026%E5%B9%B46%E6%9C%88%E7%AC%AC2%E5%A5%97%E7%9C%9F%E9%A2%98%E5%8F%8A%E7%AD%94%E6%A1%88%E8%A7%A3%E6%9E%90%EF%BC%88%E6%95%B4%E5%8D%B7%EF%BC%89.pdf","https://listening.lazynote.cn/cet4/232/index.m3u8","materials/CET4/2026/06/第2套/真题.pdf","materials/CET4/2026/06/第2套/答案解析.pdf","materials/CET4/2026/06/第2套/听力.mp3","整卷真题、第三方参考解析与公开听力已下载"
"CET4","2026/6","第3套","https://english-exam.lazynote.cn/cet4/paper/2026-06-3/","https://downloads.lazynote.cn/cet4/2026-06-3/%E8%8B%B1%E8%AF%AD%E5%9B%9B%E7%BA%A72026%E5%B9%B46%E6%9C%88%E7%AC%AC3%E5%A5%97%E7%9C%9F%E9%A2%98%EF%BC%88%E6%95%B4%E5%8D%B7%EF%BC%89.pdf","https://downloads.lazynote.cn/cet4/2026-06-3/%E8%8B%B1%E8%AF%AD%E5%9B%9B%E7%BA%A72026%E5%B9%B46%E6%9C%88%E7%AC%AC3%E5%A5%97%E7%9C%9F%E9%A2%98%E5%8F%8A%E7%AD%94%E6%A1%88%E8%A7%A3%E6%9E%90%EF%BC%88%E6%95%B4%E5%8D%B7%EF%BC%89.pdf","","materials/CET4/2026/06/第3套/真题.pdf","materials/CET4/2026/06/第3套/答案解析.pdf","","整卷真题与第三方参考解析已下载；来源页未提供独立听力"
"CET6","2024/12","第1套","https://english-exam.lazynote.cn/cet6/paper/2024-12-1/","https://downloads.lazynote.cn/cet6/2024-12-1/%E8%8B%B1%E8%AF%AD%E5%85%AD%E7%BA%A72024%E5%B9%B412%E6%9C%88%E7%AC%AC1%E5%A5%97%E7%9C%9F%E9%A2%98%EF%BC%88%E6%95%B4%E5%8D%B7%EF%BC%89.pdf","https://downloads.lazynote.cn/cet6/2024-12-1/%E8%8B%B1%E8%AF%AD%E5%85%AD%E7%BA%A72024%E5%B9%B412%E6%9C%88%E7%AC%AC1%E5%A5%97%E7%9C%9F%E9%A2%98%E5%8F%8A%E7%AD%94%E6%A1%88%E8%A7%A3%E6%9E%90%EF%BC%88%E6%95%B4%E5%8D%B7%EF%BC%89.pdf","https://listening.lazynote.cn/cet6/207/index.m3u8","materials/CET6/2024/12/第1套/真题.pdf","materials/CET6/2024/12/第1套/答案解析.pdf","materials/CET6/2024/12/第1套/听力.mp3","整卷真题、第三方参考解析与公开听力已下载"
"CET6","2024/12","第2套","https://english-exam.lazynote.cn/cet6/paper/2024-12-2/","https://downloads.lazynote.cn/cet6/2024-12-2/%E8%8B%B1%E8%AF%AD%E5%85%AD%E7%BA%A72024%E5%B9%B412%E6%9C%88%E7%AC%AC2%E5%A5%97%E7%9C%9F%E9%A2%98%EF%BC%88%E6%95%B4%E5%8D%B7%EF%BC%89.pdf","https://downloads.lazynote.cn/cet6/2024-12-2/%E8%8B%B1%E8%AF%AD%E5%85%AD%E7%BA%A72024%E5%B9%B412%E6%9C%88%E7%AC%AC2%E5%A5%97%E7%9C%9F%E9%A2%98%E5%8F%8A%E7%AD%94%E6%A1%88%E8%A7%A3%E6%9E%90%EF%BC%88%E6%95%B4%E5%8D%B7%EF%BC%89.pdf","https://listening.lazynote.cn/cet6/208/index.m3u8","materials/CET6/2024/12/第2套/真题.pdf","materials/CET6/2024/12/第2套/答案解析.pdf","materials/CET6/2024/12/第2套/听力.mp3","整卷真题、第三方参考解析与公开听力已下载"
"CET6","2024/12","第3套","https://english-exam.lazynote.cn/cet6/paper/2024-12-3/","https://downloads.lazynote.cn/cet6/2024-12-3/%E8%8B%B1%E8%AF%AD%E5%85%AD%E7%BA%A72024%E5%B9%B412%E6%9C%88%E7%AC%AC3%E5%A5%97%E7%9C%9F%E9%A2%98%EF%BC%88%E6%95%B4%E5%8D%B7%EF%BC%89.pdf","https://downloads.lazynote.cn/cet6/2024-12-3/%E8%8B%B1%E8%AF%AD%E5%85%AD%E7%BA%A72024%E5%B9%B412%E6%9C%88%E7%AC%AC3%E5%A5%97%E7%9C%9F%E9%A2%98%E5%8F%8A%E7%AD%94%E6%A1%88%E8%A7%A3%E6%9E%90%EF%BC%88%E6%95%B4%E5%8D%B7%EF%BC%89.pdf","","materials/CET6/2024/12/第3套/真题.pdf","materials/CET6/2024/12/第3套/答案解析.pdf","","整卷真题与第三方参考解析已下载；来源页未提供独立听力"
"CET6","2025/6","第1套","https://english-exam.lazynote.cn/cet6/paper/2025-06-1/","https://downloads.lazynote.cn/cet6/2025-06-1/%E8%8B%B1%E8%AF%AD%E5%85%AD%E7%BA%A72025%E5%B9%B46%E6%9C%88%E7%AC%AC1%E5%A5%97%E7%9C%9F%E9%A2%98%EF%BC%88%E6%95%B4%E5%8D%B7%EF%BC%89.pdf","https://downloads.lazynote.cn/cet6/2025-06-1/%E8%8B%B1%E8%AF%AD%E5%85%AD%E7%BA%A72025%E5%B9%B46%E6%9C%88%E7%AC%AC1%E5%A5%97%E7%9C%9F%E9%A2%98%E5%8F%8A%E7%AD%94%E6%A1%88%E8%A7%A3%E6%9E%90%EF%BC%88%E6%95%B4%E5%8D%B7%EF%BC%89.pdf","https://listening.lazynote.cn/cet6/219/index.m3u8","materials/CET6/2025/06/第1套/真题.pdf","materials/CET6/2025/06/第1套/答案解析.pdf","materials/CET6/2025/06/第1套/听力.mp3","整卷真题、第三方参考解析与公开听力已下载"
"CET6","2025/6","第2套","https://english-exam.lazynote.cn/cet6/paper/2025-06-2/","https://downloads.lazynote.cn/cet6/2025-06-2/%E8%8B%B1%E8%AF%AD%E5%85%AD%E7%BA%A72025%E5%B9%B46%E6%9C%88%E7%AC%AC2%E5%A5%97%E7%9C%9F%E9%A2%98%EF%BC%88%E6%95%B4%E5%8D%B7%EF%BC%89.pdf","https://downloads.lazynote.cn/cet6/2025-06-2/%E8%8B%B1%E8%AF%AD%E5%85%AD%E7%BA%A72025%E5%B9%B46%E6%9C%88%E7%AC%AC2%E5%A5%97%E7%9C%9F%E9%A2%98%E5%8F%8A%E7%AD%94%E6%A1%88%E8%A7%A3%E6%9E%90%EF%BC%88%E6%95%B4%E5%8D%B7%EF%BC%89.pdf","https://listening.lazynote.cn/cet6/220/index.m3u8","materials/CET6/2025/06/第2套/真题.pdf","materials/CET6/2025/06/第2套/答案解析.pdf","materials/CET6/2025/06/第2套/听力.mp3","整卷真题、第三方参考解析与公开听力已下载"
"CET6","2025/6","第3套","https://english-exam.lazynote.cn/cet6/paper/2025-06-3/","https://downloads.lazynote.cn/cet6/2025-06-3/%E8%8B%B1%E8%AF%AD%E5%85%AD%E7%BA%A72025%E5%B9%B46%E6%9C%88%E7%AC%AC3%E5%A5%97%E7%9C%9F%E9%A2%98%EF%BC%88%E6%95%B4%E5%8D%B7%EF%BC%89.pdf","https://downloads.lazynote.cn/cet6/2025-06-3/%E8%8B%B1%E8%AF%AD%E5%85%AD%E7%BA%A72025%E5%B9%B46%E6%9C%88%E7%AC%AC3%E5%A5%97%E7%9C%9F%E9%A2%98%E5%8F%8A%E7%AD%94%E6%A1%88%E8%A7%A3%E6%9E%90%EF%BC%88%E6%95%B4%E5%8D%B7%EF%BC%89.pdf","","materials/CET6/2025/06/第3套/真题.pdf","materials/CET6/2025/06/第3套/答案解析.pdf","","整卷真题与第三方参考解析已下载；来源页未提供独立听力"
"CET6","2025/12","第1套","https://english-exam.lazynote.cn/cet6/paper/2025-12-1/","https://downloads.lazynote.cn/cet6/2025-12-1/%E8%8B%B1%E8%AF%AD%E5%85%AD%E7%BA%A72025%E5%B9%B412%E6%9C%88%E7%AC%AC1%E5%A5%97%E7%9C%9F%E9%A2%98%EF%BC%88%E6%95%B4%E5%8D%B7%EF%BC%89.pdf","https://downloads.lazynote.cn/cet6/2025-12-1/%E8%8B%B1%E8%AF%AD%E5%85%AD%E7%BA%A72025%E5%B9%B412%E6%9C%88%E7%AC%AC1%E5%A5%97%E7%9C%9F%E9%A2%98%E5%8F%8A%E7%AD%94%E6%A1%88%E8%A7%A3%E6%9E%90%EF%BC%88%E6%95%B4%E5%8D%B7%EF%BC%89.pdf","https://listening.lazynote.cn/cet6/225/index.m3u8","materials/CET6/2025/12/第1套/真题.pdf","materials/CET6/2025/12/第1套/答案解析.pdf","materials/CET6/2025/12/第1套/听力.mp3","整卷真题、第三方参考解析与公开听力已下载"
"CET6","2025/12","第2套","https://english-exam.lazynote.cn/cet6/paper/2025-12-2/","https://downloads.lazynote.cn/cet6/2025-12-2/%E8%8B%B1%E8%AF%AD%E5%85%AD%E7%BA%A72025%E5%B9%B412%E6%9C%88%E7%AC%AC2%E5%A5%97%E7%9C%9F%E9%A2%98%EF%BC%88%E6%95%B4%E5%8D%B7%EF%BC%89.pdf","https://downloads.lazynote.cn/cet6/2025-12-2/%E8%8B%B1%E8%AF%AD%E5%85%AD%E7%BA%A72025%E5%B9%B412%E6%9C%88%E7%AC%AC2%E5%A5%97%E7%9C%9F%E9%A2%98%E5%8F%8A%E7%AD%94%E6%A1%88%E8%A7%A3%E6%9E%90%EF%BC%88%E6%95%B4%E5%8D%B7%EF%BC%89.pdf","https://listening.lazynote.cn/cet6/226/index.m3u8","materials/CET6/2025/12/第2套/真题.pdf","materials/CET6/2025/12/第2套/答案解析.pdf","materials/CET6/2025/12/第2套/听力.mp3","整卷真题、第三方参考解析与公开听力已下载"
"CET6","2025/12","第3套","https://english-exam.lazynote.cn/cet6/paper/2025-12-3/","https://downloads.lazynote.cn/cet6/2025-12-3/%E8%8B%B1%E8%AF%AD%E5%85%AD%E7%BA%A72025%E5%B9%B412%E6%9C%88%E7%AC%AC3%E5%A5%97%E7%9C%9F%E9%A2%98%EF%BC%88%E6%95%B4%E5%8D%B7%EF%BC%89.pdf","https://downloads.lazynote.cn/cet6/2025-12-3/%E8%8B%B1%E8%AF%AD%E5%85%AD%E7%BA%A72025%E5%B9%B412%E6%9C%88%E7%AC%AC3%E5%A5%97%E7%9C%9F%E9%A2%98%E5%8F%8A%E7%AD%94%E6%A1%88%E8%A7%A3%E6%9E%90%EF%BC%88%E6%95%B4%E5%8D%B7%EF%BC%89.pdf","","materials/CET6/2025/12/第3套/真题.pdf","materials/CET6/2025/12/第3套/答案解析.pdf","","整卷真题与第三方参考解析已下载；来源页未提供独立听力"
"CET6","2026/6","第1套","https://english-exam.lazynote.cn/cet6/paper/2026-06-1/","https://downloads.lazynote.cn/cet6/2026-06-1/%E8%8B%B1%E8%AF%AD%E5%85%AD%E7%BA%A72026%E5%B9%B46%E6%9C%88%E7%AC%AC1%E5%A5%97%E7%9C%9F%E9%A2%98%EF%BC%88%E6%95%B4%E5%8D%B7%EF%BC%89.pdf","https://downloads.lazynote.cn/cet6/2026-06-1/%E8%8B%B1%E8%AF%AD%E5%85%AD%E7%BA%A72026%E5%B9%B46%E6%9C%88%E7%AC%AC1%E5%A5%97%E7%9C%9F%E9%A2%98%E5%8F%8A%E7%AD%94%E6%A1%88%E8%A7%A3%E6%9E%90%EF%BC%88%E6%95%B4%E5%8D%B7%EF%BC%89.pdf","https://listening.lazynote.cn/cet6/234/index.m3u8","materials/CET6/2026/06/第1套/真题.pdf","materials/CET6/2026/06/第1套/答案解析.pdf","materials/CET6/2026/06/第1套/听力.mp3","整卷真题、第三方参考解析与公开听力已下载"
"CET6","2026/6","第2套","https://english-exam.lazynote.cn/cet6/paper/2026-06-2/","https://downloads.lazynote.cn/cet6/2026-06-2/%E8%8B%B1%E8%AF%AD%E5%85%AD%E7%BA%A72026%E5%B9%B46%E6%9C%88%E7%AC%AC2%E5%A5%97%E7%9C%9F%E9%A2%98%EF%BC%88%E6%95%B4%E5%8D%B7%EF%BC%89.pdf","https://downloads.lazynote.cn/cet6/2026-06-2/%E8%8B%B1%E8%AF%AD%E5%85%AD%E7%BA%A72026%E5%B9%B46%E6%9C%88%E7%AC%AC2%E5%A5%97%E7%9C%9F%E9%A2%98%E5%8F%8A%E7%AD%94%E6%A1%88%E8%A7%A3%E6%9E%90%EF%BC%88%E6%95%B4%E5%8D%B7%EF%BC%89.pdf","https://listening.lazynote.cn/cet6/235/index.m3u8","materials/CET6/2026/06/第2套/真题.pdf","materials/CET6/2026/06/第2套/答案解析.pdf","materials/CET6/2026/06/第2套/听力.mp3","整卷真题、第三方参考解析与公开听力已下载"
"CET6","2026/6","第3套","https://english-exam.lazynote.cn/cet6/paper/2026-06-3/","https://downloads.lazynote.cn/cet6/2026-06-3/%E8%8B%B1%E8%AF%AD%E5%85%AD%E7%BA%A72026%E5%B9%B46%E6%9C%88%E7%AC%AC3%E5%A5%97%E7%9C%9F%E9%A2%98%EF%BC%88%E6%95%B4%E5%8D%B7%EF%BC%89.pdf","https://downloads.lazynote.cn/cet6/2026-06-3/%E8%8B%B1%E8%AF%AD%E5%85%AD%E7%BA%A72026%E5%B9%B46%E6%9C%88%E7%AC%AC3%E5%A5%97%E7%9C%9F%E9%A2%98%E5%8F%8A%E7%AD%94%E6%A1%88%E8%A7%A3%E6%9E%90%EF%BC%88%E6%95%B4%E5%8D%B7%EF%BC%89.pdf","","materials/CET6/2026/06/第3套/真题.pdf","materials/CET6/2026/06/第3套/答案解析.pdf","","整卷真题与第三方参考解析已下载；来源页未提供独立听力"
